{
  "gameMode": [
    {
      "title": "PRACTICE",
      "timeIncluded": false,
      "level": 20,
      "key": "practice",
      "groupOf":2,
      "timer":{
        "time":0,
        "timerTitle": "PRACTICE",
        "bonus" : 0
      }   
      
    },
    {
      "title": "NORMAL",
      "timeIncluded": true,
      "timeLimitInSecond": 10,
      "level": 20,
      "key":"normal",
      "groupOf":3,
      "timer":{
        "time":30,
        "timerTitle": "30",
        "bonus" : 5
      }   
    }

   
  ],

  "supportedLanguages" :["EN", "ES"],
  "isMoreGameAvilable" : true
}
