{
      
    "levels":[
            {
                "id" : 0,
              "cards":[
                  {"name":  "strawberry"},
                  {"name":  "shoe"},
                  {"name":  "motorcycle"},
                  {"name":  "icecream"},
                  {"name":  "flower"},
                  {"name":  "ball"}
              ],
              "grid":{
                  "col" : 3,
                  "row":4
              },
              "timer":{
                "memorizeTime" : 5,
                "totalTime":30
            },
            "groupOf" :2,
            "gameType": 1
             
            },
            {
                "id" : 1,
                "cards":[
                    {"name":  "umbrella"},
                    {"name":  "t-shirt"},
                    {"name":  "nail"},
                    {"name":  "lipstick"},
                    {"name":  "handle"},
                    {"name":  "chocolate"}
                ],
                "grid":{
                    "col" : 3,
                    "row":4
                },
                "timer":{
                  "memorizeTime" : 5,
                  "totalTime":30,
                  "bounsTime":5
              },
              "groupOf" :2,
              "gameType": 1
               
            },
            {
                "id" : 2,
                "cards":[
                    {"name":  "watermelon"},
                    {"name":  "redshoes"},
                    {"name":  "perfume"},
                    {"name":  "cupcake"},
                    {"name":  "rose"},
                    {"name":  "cat"}
                ],


                "grid":{
                    "col" : 3,
                    "row":4
                },
                "timer":{
                  "memorizeTime" : 5,
                  "totalTime":30,
                  "bounsTime":5
              },
              "groupOf" :2,
              "gameType": 1
               
            },
            {
                "id" : 3,
                "cards":[
                    {"name":  "paddle"},
                    {"name":  "armchair"},
                    {"name":  "backpack"},
                    {"name":  "cake"},
                    {"name":  "football"},
                    {"name":  "lilly"},
                    {"name":  "duck"},
                    {"name":  "orange"}
                ],

                "grid":{
                    "col" : 4,
                    "row":4
                },
                "timer":{
                  "memorizeTime" : 5,
                  "totalTime":30,
                  "bounsTime":5
              },
              "groupOf" :2,
              "gameType": 1
               
            },
            {
                "id" : 4,
                "cards":[
                    {"name":  "bag"},
                    {"name":  "chair"},
                    {"name":  "cell"},
                    {"name":  "dog"},
                    {"name":  "hamburger"},
                    {"name":  "ring"},
                    {"name":  "soda"},
                    {"name":  "sunflower"}
                ],
                "grid":{
                    "col" : 4,
                    "row":4
                },
                "timer":{
                  "memorizeTime" : 5,
                  "totalTime":30,
                  "bounsTime":5
              },
              "groupOf" :2,
              "gameType": 1
               
            },
            {
                "id" : 5,
                "cards":[
                    {"name":  "sucker"},
                    {"name":  "boot"},
                    {"name":  "bunny"},
                    {"name":  "cherry"},
                    {"name":  "donut"},
                    {"name":  "hat"},
                    {"name":  "headphone"},
                    {"name":  "juice"}
                ],
                "grid":{
                    "col" : 4,
                    "row":4
                },
                "timer":{
                  "memorizeTime" : 5,
                  "totalTime":30,
                  "bounsTime":5
              },
              "groupOf" :2,
              "gameType": 1
               
            },
            {
                "id" : 6,
                "cards":[
                    {"name":  "greycat"},
                    {"name":  "clock"},
                    {"name":  "diamond"},
                    {"name":  "elephant"},
                    {"name":  "flowers"},
                    {"name":  "lemon"},
                    {"name":  "macaron"},
                    {"name":  "starfish"},
                    {"name":  "strawberry"},
                    {"name":  "telephone"}
                ],
                "grid":{
                    "col" : 4,
                    "row":5
                },
                "timer":{
                  "memorizeTime" : 5,
                  "totalTime":30,
                  "bounsTime":5
              },
              "groupOf" :2,
              "gameType": 1
               
            },
            {
                "id" : 7,
                "cards":[
                    {"name":  "sushi"},
                    {"name":  "squirrel"},
                    {"name":  "sphere"},
                    {"name":  "perfume"},
                    {"name":  "redrosetiled"},
                    {"name":  "cookie"},
                    {"name":  "coconut"},
                    {"name":  "branch"},
                    {"name":  "blackberry"},
                    {"name":  "bicycle"}
                ],
                "grid":{
                    "col" : 4,
                    "row":5
                },
                "timer":{
                  "memorizeTime" : 5,
                  "totalTime":30,
                  "bounsTime":5
              },
              "groupOf" :2,
              "gameType": 1
            },
            {
                "id" : 8,
                "cards":[
                    {"name":  "weigh"},
                    {"name":  "sofa"},
                    {"name":  "sandwich"},
                    {"name":  "sack"},
                    {"name":  "oragngpaddle"},
                    {"name":  "fruit"},
                    {"name":  "cap"},
                    {"name":  "dog"},
                    {"name":  "cup"},
                    {"name":  "bow"},
                    {"name":  "bear"},
                    {"name":  "apple"}
                ],
                "grid":{
                    "col" : 4,
                    "row":6
                },
                "timer":{
                  "memorizeTime" : 5,
                  "totalTime":30,
                  "bounsTime":5
              },
              "groupOf" :2,
              "gameType": 1
               
            },
            {
                "id" : 9,
                "cards":[
                    {"name":  "tree"},
                    {"name":  "sweater"},
                    {"name":  "shell"},
                    {"name":  "pineapple"},
                    {"name":  "marble"},
                    {"name":  "honey"},
                    {"name":  "grapes"},
                    {"name":  "gift"},
                    {"name":  "fish"},
                    {"name":  "dolphin"},
                    {"name":  "clock"},
                    {"name":  "balloon"}
                ],
                "grid":{
                    "col" : 4,
                    "row":6
                },
                "timer":{
                  "memorizeTime" : 5,
                  "totalTime":30,
                  "bounsTime":5
              },
              "groupOf" :2,
              "gameType": 1
            },
            {
                "id" : 10,
                "cards":[
                    {"name":  "banana"},
                    {"name":  "car"},
                    {"name":  "cat"},
                    {"name":  "cookie"}
                ],
              "grid":{
                  "col" : 3,
                  "row":4
              },
              "timer":{
                "memorizeTime" : 10,
                "totalTime":30,
                "bounsTime":5
            },
            "groupOf" :3,
            "gameType": 1
             
            },
            {
                "id" : 11,
                "cards":[
                    {"name":  "duck"},
                    {"name":  "flower"},
                    {"name":  "kiwi"},
                    {"name":  "lemon"}
                ],


                "grid":{
                    "col" : 3,
                    "row":4
                },
                "timer":{
                  "memorizeTime" :10,
                  "totalTime":30,
                  "bounsTime":5
              },
              "groupOf" :3,
              "gameType": 1
               
            },
            {
                "id" : 12,
                "cards":[
                    {"name":  "basket"},
                    {"name":  "chocolate"},
                    {"name":  "monkey"},
                    {"name":  "taco"}
                ],


                "grid":{
                    "col" : 3,
                    "row":4
                },
                "timer":{
                  "memorizeTime" : 10,
                  "totalTime":30,
                  "bounsTime":5
              },
              "groupOf" :3,
              "gameType": 1
               
            }, 
            {
                "id" : 13,
                "cards":[
                    {"name":  "avocado"},
                    {"name":  "broccoli"},
                    {"name":  "car"},
                    {"name":  "cupcake"},
                    {"name":  "shoes"}
                ],

                "grid":{
                    "col" : 4,
                    "row":4
                },
                "timer":{
                  "memorizeTime" : 10,
                  "totalTime":30,
                  "bounsTime":5
              },
              "groupOf" :3,
              "gameType": 1
               
            },
            {
                "id" : 14,
                "cards":[
                    {"name":  "butterfly"},
                    {"name":  "cradle"},
                    {"name":  "focus"},
                    {"name":  "ring"},
                    {"name":  "sushi"}
                ],
                "grid":{
                    "col" : 4,
                    "row":4
                },
                "timer":{
                  "memorizeTime" : 10,
                  "totalTime":30,
                  "bounsTime":5
              },
              "groupOf" :3,
              "gameType": 1
               
            },
            {
                "id" : 15,
                "cards":[
                    {"name":  "coffee"},
                    {"name":  "giraffe"},
                    {"name":  "lemonade"},
                    {"name":  "letter"},
                    {"name":  "popcorn"}
                   
                ],
                "grid":{
                    "col" : 4,
                    "row":4
                },
                "timer":{
                  "memorizeTime" : 5,
                  "totalTime":30,
                  "bounsTime":10
              },
              "groupOf" :3,
              "gameType": 1
               
            },
            {
                "id" : 16,
                "cards":[
                    {"name":  "apple"},
                    {"name":  "bee"},
                    {"name":  "bird"},
                    {"name":  "clock"},
                    {"name":  "given"},
                    {"name":  "heart"}
                ],
                "grid":{
                    "col" : 4,
                    "row":5
                },
                "timer":{
                  "memorizeTime" : 10,
                  "totalTime":30,
                  "bounsTime":5
              },
              "groupOf" :3,
              "gameType": 1
               
            },
            {
                "id" : 17,
                "cards":[
                    {"name":  "ball"},
                    {"name":  "cactus"},
                    {"name":  "chair"},
                    {"name":  "dog"},
                    {"name":  "flowers"},
                    {"name":  "tomato"}
                ],
                "grid":{
                    "col" : 4,
                    "row":5
                },
                "timer":{
                  "memorizeTime" : 10,
                  "totalTime":30,
                  "bounsTime":5
              },
              "groupOf" :3,
              "gameType": 1
            },
            {
                "id" : 18,
                "cards":[
                    {"name":  "basket"},
                    {"name":  "hearts"},
                    {"name":  "candle"},
                    {"name":  "key"},
                    {"name":  "notepad"},
                    {"name":  "sunflower"},
                    {"name":  "turtle"},
                    {"name":  "wine"}
                ],
                "grid":{
                    "col" : 4,
                    "row":6
                },
                "timer":{
                  "memorizeTime" : 10,
                  "totalTime":30,
                  "bounsTime":5
              },
              "groupOf" :3,
              "gameType": 1
               
            },
            {
                "id" : 19,
                "cards":[
                    {"name":  "basket"},
                    {"name":  "cat"},
                    {"name":  "dove"},
                    {"name":  "flowers"},
                    {"name":  "gifts"},
                    {"name":  "kettle"},
                    {"name":  "squirrel"},
                    {"name":  "stone"}
                ],
                "grid":{
                    "col" : 4,
                    "row":6
                },
                "timer":{
                  "memorizeTime" : 10,
                  "totalTime":30,
                  "bounsTime":5
              },
              "groupOf" :3,
              "gameType": 1
               
            },
            {
                "id" : 20,
                "cards":[
                    {"name":  "cake1"},
                    {"name":  "cake2"},
                    {"name":  "cupcake1"},
                    {"name":  "cupcake2"},
                    {"name":  "kitten1"},
                    {"name":  "kitten2"}
                ],
                "grid":{
                    "col" : 3,
                    "row":4
                },
                "timer":{
                  "memorizeTime" : 10,
                  "totalTime":45,
                  "bounsTime":5
              },
              "groupOf" :2,
              "gameType": 2
               
            },
            {
                "id" : 21,
                "cards":[
                    {"name":  "Cup1"},
                    {"name":  "Cup2"},
                    {"name":  "Shoe1"},
                    {"name":  "shoe2"},
                    {"name":  "tree1"},
                    {"name":  "tree2"}
                ],
                "grid":{
                    "col" : 3,
                    "row":4
                },
                "timer":{
                  "memorizeTime" : 7,
                  "totalTime":45,
                  "bounsTime":5
              },
              "groupOf" :2,
              "gameType": 2
               
            },
            {
                "id" : 22,
                "cards":[
                    {"name":  "buttefly1"},
                    {"name":  "buttefly2"},
                    {"name":  "flamingo1"},
                    {"name":  "flamingo2"},
                    {"name":  "puppy1"},
                    {"name":  "puppy2"}
                ],
                "grid":{
                    "col" : 3,
                    "row":4
                },
                "timer":{
                  "memorizeTime" : 5,
                  "totalTime":30,
                  "bounsTime":5
              },
              "groupOf" :2,
              "gameType": 2
               
            },
            {
                "id" : 23,
                "cards":[
                    {"name":  "ball1"},
                    {"name":  "ball2"},
                    {"name":  "candy1"},
                    {"name":  "candy2"},
                    {"name":  "juice1"},
                    {"name":  "juice2"},
                    {"name":  "shoes1"},
                    {"name":  "shoes2"}
                ],
                "grid":{
                    "col" : 4,
                    "row":4
                },
                "timer":{
                  "memorizeTime" : 5,
                  "totalTime":30,
                  "bounsTime":5
              },
              "groupOf" :2,
              "gameType": 2
               
            },
            {
                "id" : 24,
                "cards":[
                    {"name":  "cupcake"},
                    {"name":  "cupcake2"},
                    {"name":  "glasses"},
                    {"name":  "glasses2"},
                    {"name":  "hand"},
                    {"name":  "hand2"},
                    {"name":  "tomato"},
                    {"name":  "tomato2"}

                ],
                "grid":{
                    "col" : 4,
                    "row":4
                },
                "timer":{
                  "memorizeTime" : 5,
                  "totalTime":30,
                  "bounsTime":5
              },
              "groupOf" :2,
              "gameType": 2
               
            },
            {
                "id" : 25,
                "cards":[
                    {"name":  "dog"},
                    {"name":  "dog2"},
                    {"name":  "house"},
                    {"name":  "house2"},
                    {"name":  "palette"},
                    {"name":  "palette2"},
                    {"name":  "toys"},
                    {"name":  "toys2"}
                ],
                "grid":{
                    "col" : 4,
                    "row":4
                },
                "timer":{
                  "memorizeTime" : 5,
                  "totalTime":30,
                  "bounsTime":5
              },
              "groupOf" :2,
              "gameType": 2
               
            },
            {
                "id" : 26,
                "cards":[
                    {"name":  "bird1"},
                    {"name":  "bird2"},
                    {"name":  "icecream1"},
                    {"name":  "icecream2"},
                    {"name":  "milkshake1"},
                    {"name":  "milkshake2"},
                    {"name":  "purse1"},
                    {"name":  "purse2"},
                    {"name":  "roses1"},
                    {"name":  "roses2"}
                ],
                "grid":{
                    "col" : 4,
                    "row":5
                },
                "timer":{
                  "memorizeTime" : 5,
                  "totalTime":30,
                  "bounsTime":5
              },
              "groupOf" :2,
              "gameType": 2
               
            },
            {
                "id" : 27,
                "cards":[
                    {"name":  "car1"},
                    {"name":  "car2"},
                    {"name":  "fish1"},
                    {"name":  "fish2"},
                    {"name":  "hairbrush1"},
                    {"name":  "hairbrush2"},
                    {"name":  "hat1"},
                    {"name":  "hat2"},
                    {"name":  "lemonade1"},
                    {"name":  "lemonade2"}
                ],
                "grid":{
                    "col" : 4,
                    "row":5
                },
                "timer":{
                  "memorizeTime" : 5,
                  "totalTime":30,
                  "bounsTime":5
              },
              "groupOf" :2,
              "gameType": 2
               
            },
            {
                "id" : 28,
                "cards":[
                    {"name":  "car"},
                    {"name":  "car2"},
                    {"name":  "chair"},
                    {"name":  "chair2"},
                    {"name":  "dog"},
                    {"name":  "dog2"},
                    {"name":  "donut"},
                    {"name":  "donut2"},
                    {"name":  "emoji"},
                    {"name":  "emoji2"},
                    {"name":  "flower"},
                    {"name":  "flower2"},
                    {"name":  "key"},
                    {"name":  "key2"}
                    

                ],
                "grid":{
                    "col" : 4,
                    "row":7
                },
                "timer":{
                  "memorizeTime" : 5,
                  "totalTime":30,
                  "bounsTime":5
              },
              "groupOf" :2,
              "gameType": 2
               
            },
            {
                "id" : 29,
                "cards":[
                    {"name":  "cat"},
                    {"name":  "cat2"},
                    {"name":  "flowers"},
                    {"name":  "flowers2"},
                    {"name":  "ghost"},
                    {"name":  "ghost2"},
                    {"name":  "monkey"},
                    {"name":  "monkey2"},
                    {"name":  "pizza"},
                    {"name":  "pizza2"},
                    {"name":  "plant"},
                    {"name":  "plant2"},
                    {"name":  "telephone"},
                    {"name":  "telephone2"}
                ],
                "grid":{
                    "col" : 4,
                    "row":7
                },
                "timer":{
                  "memorizeTime" : 5,
                  "totalTime":30,
                  "bounsTime":5
              },
              "groupOf" :2,
              "gameType": 2
               
            }, 
            {
                "id" : 30,
                "cards":[
                    {"name":  "boot1"},
                    {"name":  "boot2"},
                    {"name":  "hat1"},
                    {"name":  "hat2"}
                ],
                "grid":{
                    "col" : 3,
                    "row":4
                },
                "timer":{
                  "memorizeTime" : 5,
                  "totalTime":50,
                  "bounsTime":5
              },
              "groupOf" :3,
              "gameType": 2
               
            },
            {
                "id" : 31,
                "cards":[
                    {"name":  "jar1"},
                    {"name":  "jar2"},
                    {"name":  "suitcase1"},
                    {"name":  "suitcase2"}
                ],
                "grid":{
                    "col" : 3,
                    "row":4
                },
                "timer":{
                  "memorizeTime" : 7,
                  "totalTime":50,
                  "bounsTime":5
              },
              "groupOf" :3,
              "gameType": 2
               
            },
            {
                "id" : 32,
                "cards":[
                    {"name":  "siccsors1"},
                    {"name":  "siccsors2"},
                    {"name":  "sunglasses1"},
                    {"name":  "sunglasses2"}
                ],
                "grid":{
                    "col" : 3,
                    "row":4
                },
                "timer":{
                  "memorizeTime" : 5,
                  "totalTime":30,
                  "bounsTime":5
              },
              "groupOf" :3,
              "gameType": 2
               
            },
            {
                "id" : 33,
                "cards":[
                    {"name":  "cow1"},
                    {"name":  "cow2"},
                    {"name":  "dove1"},
                    {"name":  "dove2"},
                    {"name":  "pizza1"}
                ],
                "grid":{
                    "col" : 4,
                    "row":4
                },
                "timer":{
                  "memorizeTime" : 5,
                  "totalTime":30,
                  "bounsTime":5
              },
              "groupOf" :3,
              "gameType": 2
               
            },
            {
                "id" : 34,
                "cards":[
                    {"name":  "dog1"},
                    {"name":  "dog2"},
                    {"name":  "flower1"},
                    {"name":  "flower2"},
                    {"name":  "icecream"}

                ],
                "grid":{
                    "col" : 4,
                    "row":4
                },
                "timer":{
                  "memorizeTime" : 5,
                  "totalTime":30,
                  "bounsTime":5
              },
              "groupOf" :3,
              "gameType": 2
               
            },
            {
                "id" : 35,
                "cards":[
                    {"name":  "cat1"},
                    {"name":  "cat2"},
                    {"name":  "heart"},
                    {"name":  "mango1"},
                    {"name":  "mango2"}
                ],
                "grid":{
                    "col" : 4,
                    "row":4
                },
                "timer":{
                  "memorizeTime" : 5,
                  "totalTime":30,
                  "bounsTime":5
              },
              "groupOf" :3,
              "gameType": 2
               
            },
            {
                "id" : 36,
                "cards":[
                    {"name":  "cookie1"},
                    {"name":  "cookie2"},
                    {"name":  "gloves1"},
                    {"name":  "gloves2"},
                    {"name":  "pizza1"},
                    {"name":  "pizza2"}
                ],
                "grid":{
                    "col" : 4,
                    "row":5
                },
                "timer":{
                  "memorizeTime" : 5,
                  "totalTime":30,
                  "bounsTime":5
              },
              "groupOf" :3,
              "gameType": 2
               
            },
            {
                "id" : 37,
                "cards":[
                    {"name":  "juice1"},
                    {"name":  "juice2"},
                    {"name":  "lime1"},
                    {"name":  "lime2"},
                    {"name":  "umbrella1"},
                    {"name":  "umbrella2"}
                ],
                "grid":{
                    "col" : 4,
                    "row":5
                },
                "timer":{
                  "memorizeTime" : 5,
                  "totalTime":30,
                  "bounsTime":5
              },
              "groupOf" :3,
              "gameType": 2
               
            },
            {
                "id" : 38,
                "cards":[
                    {"name":  "duck1"},
                    {"name":  "duck2"},
                    {"name":  "flower1"},
                    {"name":  "flower2"},
                    {"name":  "lemon1"},
                    {"name":  "lemon2"},
                    {"name":  "monkey1"},
                    {"name":  "monkey2"}
                ],
                "grid":{
                    "col" : 4,
                    "row":6
                },
                "timer":{
                  "memorizeTime" : 5,
                  "totalTime":30,
                  "bounsTime":5
              },
              "groupOf" :3,
              "gameType": 2
               
            },
            {
                "id" : 39,
                "cards":[
                    {"name":  "dog1"},
                    {"name":  "dog2"},
                    {"name":  "flowers1"},
                    {"name":  "flowers2"},
                    {"name":  "hand1"},
                    {"name":  "hand2"},
                    {"name":  "key1"},
                    {"name":  "key2"}
                ],
                "grid":{
                    "col" : 4,
                    "row":6
                },
                "timer":{
                  "memorizeTime" : 5,
                  "totalTime":30,
                  "bounsTime":5
              },
              "groupOf" :3,
              "gameType": 2
               
            }
           
        ]


}